USE football;

-- 1) Championnat (5 lignes)
INSERT INTO Championnat (ID_championnat, Nom_championnat, Pays) VALUES
(1, 'Ligue 1', 'France'),
(2, 'Premier League', 'Angleterre'),
(3, 'Serie A', 'Italie'),
(4, 'La Liga', 'Espagne'),
(5, 'Bundesliga', 'Allemagne');

-- 2) Saison (5 lignes) : années valides entre 1900 et 2025
INSERT INTO Saison (ID_saison, Annee_saison) VALUES
(1, '2024/2025'),
(2, '2023/2024'),
(3, '2022/2023'),
(4, '2021/2022'),
(5, '2020/2021');

-- 3) Adresse (60 lignes) réparties sur Paris, Londres, Milan, Madrid, Lisbonne, Berlin
-- Num_rue > 0
INSERT INTO Adresse (Num_adresse, Num_rue, Nom_rue, Nom_ville) VALUES
(1, 10, 'Rue de Rivoli', 'Paris'),
(2, 24, 'Avenue des Champs-Élysées', 'Paris'),
(3, 5, 'Boulevard Saint-Germain', 'Paris'),
(4, 18, 'Rue du Faubourg Saint-Honoré', 'Paris'),
(5, 3, 'Rue de la Paix', 'Paris'),
(6, 7, 'Rue Montorgueil', 'Paris'),
(7, 12, 'Rue du Commerce', 'Paris'),
(8, 21, 'Avenue Victor Hugo', 'Paris'),
(9, 30, 'Rue de Passy', 'Paris'),
(10, 2, 'Rue du Bac', 'Paris'),

(11, 11, 'King\'s Road', 'Londres'),
(12, 42, 'Baker Street', 'Londres'),
(13, 6, 'Fleet Street', 'Londres'),
(14, 19, 'Oxford Street', 'Londres'),
(15, 8, 'Regent Street', 'Londres'),
(16, 27, 'Sloane Street', 'Londres'),
(17, 33, 'The Mall', 'Londres'),
(18, 4, 'Charing Cross Road', 'Londres'),
(19, 14, 'Pall Mall', 'Londres'),
(20, 9, 'Victoria Street', 'Londres'),

(21, 15, 'Via Montenapoleone', 'Milan'),
(22, 2, 'Corso Buenos Aires', 'Milan'),
(23, 7, 'Via Dante', 'Milan'),
(24, 29, 'Viale Gorizia', 'Milan'),
(25, 13, 'Via Torino', 'Milan'),
(26, 16, 'Piazza del Duomo', 'Milan'),
(27, 1, 'Via Manzoni', 'Milan'),
(28, 20, 'Corso Venezia', 'Milan'),
(29, 6, 'Via Senato', 'Milan'),
(30, 23, 'Via Palermo', 'Milan'),

(31, 17, 'Gran Vía', 'Madrid'),
(32, 3, 'Paseo de la Castellana', 'Madrid'),
(33, 28, 'Calle de Alcalá', 'Madrid'),
(34, 4, 'Calle Mayor', 'Madrid'),
(35, 10, 'Calle de Serrano', 'Madrid'),
(36, 26, 'Plaza Mayor', 'Madrid'),
(37, 5, 'Calle de Atocha', 'Madrid'),
(38, 31, 'Calle Preciados', 'Madrid'),
(39, 12, 'Calle de la Princesa', 'Madrid'),
(40, 2, 'Paseo del Prado', 'Madrid'),

(41, 9, 'Avenida da Liberdade', 'Lisbonne'),
(42, 14, 'Rua Augusta', 'Lisbonne'),
(43, 6, 'Rua do Arsenal', 'Lisbonne'),
(44, 22, 'Avenida Almirante Reis', 'Lisbonne'),
(45, 11, 'Rua de São Bento', 'Lisbonne'),
(46, 18, 'Rua de Santa Justa', 'Lisbonne'),
(47, 7, 'Praça do Comércio', 'Lisbonne'),
(48, 4, 'Rua Garrett', 'Lisbonne'),
(49, 20, 'Rua da Prata', 'Lisbonne'),
(50, 1, 'Avenida 24 de Julho', 'Lisbonne'),

(51, 8, 'Unter den Linden', 'Berlin'),
(52, 25, 'Kurfürstendamm', 'Berlin'),
(53, 3, 'Friedrichstrasse', 'Berlin'),
(54, 12, 'Alexanderplatz', 'Berlin'),
(55, 16, 'Torstraße', 'Berlin'),
(56, 2, 'Potsdamer Platz', 'Berlin'),
(57, 14, 'Karl-Liebknecht-Straße', 'Berlin'),
(58, 5, 'Schönhauser Allee', 'Berlin'),
(59, 19, 'Oranienburger Strasse', 'Berlin'),
(60, 21, 'Hardenbergstraße', 'Berlin');

-- 4) Agent (20 lignes) : chaque agent a #Num_adresse existant (1..60), Nom, Prenom, Nationalite, Date_naissance_agent < 2007-01-01
-- Utilisation de noms d'agents connus / réels pour diversité
INSERT INTO Agent (ID_agent, Nom_agent, Prenom_agent, Nationalite_agent, Date_naissance_agent, Num_adresse) VALUES
(1, 'Mendes', 'Jorge', 'Portugaise', '1966-01-07', 41),
(2, 'Barnett', 'Jonathan', 'Britannique', '1950-07-03', 11),
(3, 'Zahavi', 'Pini', 'Israélienne', '1943-08-02', 12),
(4, 'Joorabchian', 'Kia', 'Iranienne', '1971-06-19', 16),
(5, 'Raiola', 'Mino', 'Italienne', '1967-11-04', 21),
(6, 'Riso', 'Giuseppe', 'Italienne', '1978-04-15', 22),
(7, 'Pastorello', 'Federico', 'Italienne', '1973-09-20', 23),
(8, 'Mirren', 'Sergio', 'Espagnole', '1975-03-12', 33),
(9, 'Lopez', 'Carlos', 'Espagnole', '1980-05-10', 31),
(10, 'Silva', 'Ricardo', 'Portugaise', '1974-12-01', 42),
(11, 'Khan', 'Omar', 'Anglaise', '1982-02-28', 14),
(12, 'Weber', 'Thomas', 'Allemande', '1976-10-05', 51),
(13, 'Schneider', 'Lukas', 'Allemande', '1979-04-22', 52),
(14, 'Gonzalez', 'Andres', 'Espagnole', '1972-09-14', 34),
(15, 'Martins', 'Paulo', 'Portugaise', '1969-08-30', 45),
(16, 'Ricci', 'Marco', 'Italienne', '1981-11-11', 24),
(17, 'Dubois', 'Laurent', 'Française', '1975-12-05', 2),
(18, 'Moretti', 'Francesca', 'Italienne', '1983-06-09', 29),
(19, 'Harris', 'Diane', 'Britannique', '1977-01-20', 13),
(20, 'Kowalski', 'Piotr', 'Polonaise', '1970-03-03', 53);

-- 5) Stade (30 lignes) : chaque stade a Num_adresse existant ; Nom_stade non null
INSERT INTO Stade (ID_stade, Nom_stade, Nombre_places, Num_adresse) VALUES
(1, 'Parc des Princes', 47929, 1),
(2, 'Stade Vélodrome', 67394, 2),
(3, 'Stade Louis II', 18523, 3),
(4, 'Groupama Stadium', 59486, 4),
(5, 'Stade de France', 81338, 5),
(6, 'Emirates Stadium', 60260, 11),
(7, 'Old Trafford', 74879, 12),
(8, 'Anfield', 54074, 13),
(9, 'Etihad Stadium', 55017, 14),
(10, 'Stamford Bridge', 40834, 15),
(11, 'San Siro', 80018, 21),
(12, 'Allianz Stadium', 41507, 22),
(13, 'Stadio Olimpico', 72500, 23),
(14, 'Santiago Bernabéu', 81044, 31),
(15, 'Wanda Metropolitano', 68456, 32),
(16, 'Camp Nou', 99354, 33),
(17, 'Estadio da Luz', 64500, 41),
(18, 'Estádio José Alvalade', 50647, 42),
(19, 'Signal Iduna Park', 81365, 51),
(20, 'Allianz Arena', 75000, 52),
(21, 'Olympiastadion', 74475, 53),
(22, 'Stadio Friuli', 25000, 24),
(23, 'Stade Municipal', 22000, 6),
(24, 'Arena Milano', 34500, 25),
(25, 'Cidade Desportiva', 18000, 26),
(26, 'Estadio Nuevo', 28000, 34),
(27, 'Arena Lisbon', 30000, 44),
(28, 'The Oval', 22500, 16),
(29, 'Victoria Park', 15000, 17),
(30, 'Park Central', 12000, 18);

-- 6) Equipe (30 lignes) : chaque équipe appartient à un championnat et une saison et a un stade
-- Utilisation d'ID_championnat et ID_saison existants ; quelques équipes ont ID_equipe_Parent (référence à autre équipe) ou ID_championnat_1 (duplique la référence au championnat pour illustrer)
INSERT INTO Equipe (ID_equipe, Nom_equipe, ID_championnat, ID_saison, ID_championnat_1, ID_equipe_Parent, ID_stade) VALUES
(1, 'Paris Saint-Germain', 1, 1, 1, NULL, 1),
(2, 'Olympique de Marseille', 1, 1, 1, NULL, 2),
(3, 'AS Monaco', 1, 1, 1, NULL, 3),
(4, 'Olympique Lyonnais', 1, 1, 1, NULL, 4),
(5, 'Stade Rennais', 1, 1, 1, NULL, 23),

(6, 'Manchester United', 2, 1, 2, NULL, 7),
(7, 'Arsenal', 2, 1, 2, NULL, 6),
(8, 'Liverpool', 2, 1, 2, NULL, 8),
(9, 'Manchester City', 2, 1, 2, NULL, 9),
(10, 'Chelsea', 2, 1, 2, NULL, 10),

(11, 'Juventus', 3, 1, 3, NULL, 12),
(12, 'Inter Milan', 3, 1, 3, NULL, 11),
(13, 'AC Milan', 3, 1, 3, NULL, 24),
(14, 'Napoli', 3, 1, 3, NULL, 22),
(15, 'AS Roma', 3, 1, 3, NULL, 13),

(16, 'Real Madrid', 4, 1, 4, NULL, 14),
(17, 'Atlético Madrid', 4, 1, 4, NULL, 15),
(18, 'FC Barcelona', 4, 1, 4, NULL, 16),
(19, 'Sevilla FC', 4, 1, 4, NULL, 26),
(20, 'Valencia CF', 4, 1, 4, NULL, 26),

(21, 'Bayern Munich', 5, 1, 5, NULL, 20),
(22, 'Borussia Dortmund', 5, 1, 5, NULL, 19),
(23, 'RB Leipzig', 5, 1, 5, NULL, 21),
(24, 'Bayer Leverkusen', 5, 1, 5, NULL, 21),
(25, 'VfL Wolfsburg', 5, 1, 5, NULL, 29),

(26, 'Sporting CP', 1, 1, 1, NULL, 17),
(27, 'Benfica', 1, 1, 1, NULL, 27),
(28, 'Braga', 1, 1, 1, NULL, 25),
(29, 'Basel', 2, 1, 2, NULL, 28),
(30, 'Young Boys', 2, 1, 2, NULL, 30);

-- NOTE: Certains clubs comme Benfica ou Sporting sont ici rattachés à Ligue1 pour l'exemple (ID_championnat=1),
-- si vous préférez, adaptez ID_championnat pour correspondre à la réalité. Les FKs référencent bien des IDs existants.

-- 7) Joueur_ (100 lignes) : chaque joueur a ID_agent (1..20) et Num_adresse (1..60)
-- Respect des contraintes : Nom, Prenom, Nationalite non nuls ; Date_naissance_joueur_ < 2009-01-01
-- Les noms choisis sont des noms réels et mixtes venant des cinq championnats (diversité)
INSERT INTO Joueur (ID_joueur, Nom_joueur, Prenom_joueur, Nationalite_footballistique, Date_naissance_joueur, Num_adresse, ID_agent) VALUES
(1, 'Mbappé', 'Kylian', 'Française', '1998-12-20', 1, 1),
(2, 'Neymar', 'da Silva', 'Brésilienne', '1992-02-05', 2, 5),
(3, 'Messi', 'Lionel', 'Argentine', '1987-06-24', 3, 8),
(4, 'Ronaldo', 'Cristiano', 'Portugaise', '1985-02-05', 41, 1),
(5, 'Haaland', 'Erling', 'Norvégienne', '2000-07-21', 52, 2),
(6, 'De Bruyne', 'Kevin', 'Belge', '1991-06-28', 51, 12),
(7, 'Salah', 'Mohamed', 'Égyptienne', '1992-06-15', 13, 8),
(8, 'Kane', 'Harry', 'Anglaise', '1993-07-28', 15, 11),
(9, 'Lewandowski', 'Robert', 'Polonaise', '1988-08-21', 53, 20),
(10, 'Kimmich', 'Joshua', 'Allemande', '1995-02-08', 52, 12),

(11, 'Benzema', 'Karim', 'Française', '1987-12-19', 4, 17),
(12, 'Modric', 'Luka', 'Croate', '1985-09-09', 31, 14),
(13, 'Griezmann', 'Antoine', 'Française', '1991-03-21', 8, 17),
(14, 'Verratti', 'Marco', 'Italienne', '1992-11-05', 21, 16),
(15, 'Ramos', 'Sergio', 'Espagnole', '1986-03-30', 33, 14),
(16, 'Pogba', 'Paul', 'Française', '1993-03-15', 7, 17),
(17, 'Sterling', 'Raheem', 'Anglaise', '1994-12-08', 16, 11),
(18, 'Insigne', 'Lorenzo', 'Italienne', '1991-06-04', 24, 16),
(19, 'Trippier', 'Kieran', 'Anglaise', '1990-09-19', 18, 11),
(20, 'Foden', 'Phil', 'Anglaise', '2000-05-28', 14, 9),

(21, 'Kylian', 'Dupont', 'Française', '2001-04-03', 6, 17),
(22, 'Lucas', 'Martinez', 'Argentine', '2002-01-17', 5, 8),
(23, 'Paulo', 'Dybala', 'Argentine', '1993-11-15', 29, 16),
(24, 'Koulibaly', 'Kalidou', 'Sénégalaise', '1991-06-20', 25, 7),
(25, 'Goretzka', 'Leon', 'Allemande', '1995-02-06', 54, 12),
(26, 'Fernandes', 'Bruno', 'Portugaise', '1994-09-08', 41, 1),
(27, 'de Jong', 'Frenkie', 'Néerlandaise', '1997-05-12', 52, 12),
(28, 'Ødegaard', 'Martin', 'Norvégienne', '1998-12-17', 31, 14),
(29, 'Ocampos', 'Lucas', 'Argentine', '1994-07-11', 34, 14),
(30, 'Giroud', 'Olivier', 'Française', '1986-09-30', 9, 17),

(31, 'Coman', 'Kingsley', 'Française', '1996-06-13', 6, 5),
(32, 'Bernardo', 'Silva', 'Portugaise', '1994-08-10', 41, 10),
(33, 'Vinícius', 'Junior', 'Brésilienne', '2000-07-12', 31, 1),
(34, 'Bellingham', 'Jude', 'Anglaise', '2003-06-29', 15, 2),
(35, 'Sane', 'Leroy', 'Allemande', '1996-01-11', 52, 12),
(36, 'Rodrygo', 'Goes', 'Brésilienne', '2001-01-09', 31, 14),
(37, 'Kvara', 'Khvicha', 'Géorgienne', '2001-02-12', 29, 16),
(38, 'Szoboszlai', 'Dominik', 'Hongroise', '2000-10-25', 59, 20),
(39, 'Milinković', 'Sergej', 'Serbe', '1995-02-27', 27, 7),
(40, 'Miranda', 'André', 'Portugaise', '1992-08-01', 41, 15),

(41, 'Maignan', 'Mike', 'Française', '1995-07-03', 10, 12),
(42, 'Donnarumma', 'Gianluigi', 'Italienne', '1999-02-25', 22, 16),
(43, 'Handanovič', 'Samir', 'Slovène', '1984-07-14', 24, 7),
(44, 'Ederson', 'Moraes', 'Brésilienne', '1993-08-17', 14, 9),
(45, 'Courtois', 'Thibaut', 'Belge', '1992-05-11', 31, 12),
(46, 'Lloris', 'Hugo', 'Française', '1986-12-26', 1, 17),
(47, 'Alisson', 'Becker', 'Brésilienne', '1992-10-02', 13, 8),
(48, 'Ter Stegen', 'Marc-André', 'Allemande', '1992-04-30', 33, 12),
(49, 'Oblak', 'Jan', 'Slovène', '1993-01-07', 34, 14),
(50, 'Courtois', 'Laura', 'Belge', '1994-03-21', 60, 12), -- exemple féminin pour mixité

(51, 'Grealish', 'Jack', 'Anglaise', '1995-09-10', 15, 11),
(52, 'Mount', 'Mason', 'Anglaise', '1999-01-10', 15, 11),
(53, 'Henderson', 'Jordan', 'Anglaise', '1990-06-17', 16, 11),
(54, 'Casemiro', 'Carlos', 'Brésilienne', '1992-02-23', 2, 5),
(55, 'Kabak', 'Ozan', 'Turque', '1998-03-24', 59, 20),
(56, 'Sergio', 'Reguilón', 'Espagnole', '1996-12-16', 35, 14),
(57, 'Lo Celso', 'Giovani', 'Argentine', '1996-04-09', 3, 8),
(58, 'De Ligt', 'Matthijs', 'Néerlandaise', '1999-08-12', 52, 12),
(59, 'Balde', 'Nico', 'Espagnole', '2003-02-18', 33, 14),
(60, 'Fekir', 'Nabil', 'Française', '1993-07-18', 4, 17),

(61, 'Aouar', 'Houssem', 'Française', '1998-06-30', 6, 17),
(62, 'Zaniolo', 'Nicolò', 'Italienne', '1999-07-02', 24, 16),
(63, 'Pogba', 'Marie', 'Française', '1997-05-18', 6, 17), -- exemple féminin
(64, 'Rashford', 'Marcus', 'Anglaise', '1997-10-31', 15, 11),
(65, 'Mahrez', 'Riyad', 'Algérienne', '1991-02-21', 41, 10),
(66, 'Lozano', 'Hirving', 'Mexicaine', '1995-07-30', 36, 16),
(67, 'Kepa', 'Arrizabalaga', 'Espagnole', '1994-10-03', 33, 14),
(68, 'Müller', 'Thomas', 'Allemande', '1989-09-13', 52, 12),
(69, 'Hummels', 'Mats', 'Allemande', '1988-12-16', 51, 12),
(70, 'Boateng', 'Kevin-Prince', 'Ghanéenne', '1987-09-06', 59, 20),

(71, 'Davies', 'Alphonso', 'Canadienne', '2000-11-02', 52, 12),
(72, 'Hakimi', 'Achraf', 'Marocaine', '1998-11-04', 41, 1),
(73, 'Koundé', 'Jules', 'Française', '1998-11-12', 8, 17),
(74, 'Laporte', 'Aymeric', 'Française', '1994-05-27', 6, 17),
(75, 'Varane', 'Raphaël', 'Française', '1993-11-25', 1, 17),
(76, 'Tchouaméni', 'Aurélien', 'Française', '2000-01-27', 2, 17),
(77, 'Marquinhos', 'Thiago', 'Brésilienne', '1994-05-14', 1, 1),
(78, 'Diaz', 'Luis', 'Colombienne', '1997-01-13', 37, 14),
(79, 'Suso', 'Jesús', 'Espagnole', '1993-11-19', 35, 16),
(80, 'Belotti', 'Andrea', 'Italienne', '1993-12-20', 28, 16),

(81, 'Zapata', 'Duván', 'Colombienne', '1991-04-01', 34, 16),
(82, 'Mertens', 'Dries', 'Belge', '1987-05-06', 31, 12),
(83, 'Molina', 'Nahuel', 'Argentine', '1997-04-06', 29, 16),
(84, 'Cancelo', 'João', 'Portugaise', '1994-05-27', 41, 10),
(85, 'Saúl', 'Niguez', 'Espagnole', '1994-11-21', 32, 14),
(86, 'Fati', 'Ansu', 'Espagnole', '2002-10-31', 33, 16),
(87, 'Pedri', 'Lopez', 'Espagnole', '2002-11-25', 33, 16),
(88, 'Guedes', 'Gonçalo', 'Portugaise', '1996-11-29', 41, 15),
(89, 'Bruno', 'Gomes', 'Brésilienne', '2000-03-12', 41, 10),
(90, 'Mau', 'Alexandra', 'Française', '1999-12-01', 10, 17),

(91, 'Silva', 'Thiago', 'Brésilienne', '1991-09-22', 31, 10),
(92, 'Akanji', 'Manuel', 'Suisse', '1995-07-19', 51, 12),
(93, 'Gonzalez', 'Pablo', 'Argentine', '1999-08-08', 34, 14),
(94, 'Musa', 'Ahmed', 'Nigériane', '1992-10-14', 19, 11),
(95, 'Kostic', 'Filip', 'Serbe', '1992-11-01', 59, 20),
(96, 'Bailey', 'Leon', 'Jamaïcaine', '1997-08-09', 15, 11),
(97, 'Barkley', 'Ross', 'Anglaise', '1993-12-05', 16, 11),
(98, 'Andersen', 'Kasper', 'Danoise', '1992-04-05', 60, 12),
(99, 'Sanches', 'Renato', 'Portugaise', '1997-08-18', 41, 15),
(100, 'Lasme', 'Meledj', 'Française', '2005-12-01', 42, 15);

-- 8) Jouer (participations) : au moins une par joueur (100 lignes)
-- Buts, Passes_decisives, Matchs >= 0
INSERT INTO Jouer (ID_joueur, ID_equipe, ID_saison, Buts, Passes_decisives, Matchs) VALUES
(1, 1, 1, 28, 12, 34),
(2, 1, 1, 15, 10, 25),
(3, 4, 1, 30, 14, 33),
(4, 6, 1, 18, 6, 30),
(5, 9, 1, 36, 5, 32),
(6, 9, 1, 10, 18, 32),
(7, 8, 1, 22, 8, 31),
(8, 6, 1, 20, 7, 33),
(9, 21, 1, 25, 3, 30),
(10, 21, 1, 4, 12, 29),

(11, 1, 1, 15, 9, 28),
(12, 16, 1, 3, 10, 32),
(13, 1, 1, 10, 7, 30),
(14, 1, 1, 2, 14, 29),
(15, 16, 1, 1, 0, 12),
(16, 2, 1, 3, 4, 24),
(17, 9, 1, 11, 10, 30),
(18, 14, 1, 8, 9, 28),
(19, 6, 1, 2, 6, 26),
(20, 9, 1, 6, 9, 27),

(21, 5, 1, 4, 3, 16),
(22, 22, 1, 5, 2, 18),
(23, 12, 1, 9, 5, 25),
(24, 14, 1, 2, 1, 20),
(25, 21, 1, 7, 6, 25),
(26, 6, 1, 10, 8, 33),
(27, 12, 1, 3, 4, 20),
(28, 16, 1, 12, 11, 34),
(29, 16, 1, 6, 5, 30),
(30, 3, 1, 8, 4, 20),

(31, 21, 1, 6, 8, 24),
(32, 6, 1, 9, 13, 32),
(33, 16, 1, 14, 9, 30),
(34, 21, 1, 11, 7, 30),
(35, 21, 1, 4, 7, 28),
(36, 16, 1, 7, 6, 25),
(37, 12, 1, 5, 4, 24),
(38, 23, 1, 8, 3, 26),
(39, 13, 1, 10, 6, 28),
(40, 27, 1, 3, 2, 15),

(41, 3, 1, 0, 0, 10),
(42, 12, 1, 0, 0, 12),
(43, 11, 1, 0, 0, 8),
(44, 9, 1, 1, 1, 5),
(45, 16, 1, 0, 0, 9),
(46, 6, 1, 0, 0, 12),
(47, 8, 1, 0, 0, 11),
(48, 16, 1, 0, 0, 11),
(49, 16, 1, 0, 0, 12),
(50, 20, 1, 1, 0, 5),

(51, 6, 1, 6, 4, 24),
(52, 10, 1, 3, 2, 18),
(53, 6, 1, 2, 1, 15),
(54, 16, 1, 5, 1, 26),
(55, 11, 1, 0, 0, 5),
(56, 4, 1, 1, 2, 20),
(57, 6, 1, 3, 5, 22),
(58, 12, 1, 2, 2, 20),
(59, 16, 1, 0, 1, 10),
(60, 2, 1, 7, 3, 22),

(61, 4, 1, 2, 1, 10),
(62, 12, 1, 0, 0, 6),
(63, 5, 1, 1, 2, 8),
(64, 6, 1, 9, 4, 28),
(65, 9, 1, 8, 6, 30),
(66, 14, 1, 5, 3, 20),
(67, 10, 1, 1, 0, 12),
(68, 21, 1, 7, 5, 26),
(69, 21, 1, 2, 1, 18),
(70, 21, 1, 0, 0, 6),

(71, 21, 1, 6, 7, 26),
(72, 1, 1, 12, 9, 30),
(73, 1, 1, 3, 2, 14),
(74, 9, 1, 4, 2, 18),
(75, 6, 1, 2, 1, 11),
(76, 1, 1, 3, 2, 20),
(77, 1, 1, 1, 1, 8),
(78, 16, 1, 6, 4, 24),
(79, 16, 1, 1, 1, 8),
(80, 12, 1, 5, 2, 18),

(81, 12, 1, 7, 3, 25),
(82, 11, 1, 2, 1, 10),
(83, 16, 1, 4, 3, 18),
(84, 6, 1, 5, 6, 28),
(85, 16, 1, 0, 0, 8),
(86, 16, 1, 2, 4, 20),
(87, 16, 1, 8, 10, 30),
(88, 27, 1, 3, 1, 12),
(89, 27, 1, 1, 0, 6),
(90, 5, 1, 0, 1, 4),

(91, 6, 1, 2, 1, 12),
(92, 21, 1, 4, 2, 18),
(93, 16, 1, 0, 0, 6),
(94, 6, 1, 1, 0, 7),
(95, 21, 1, 3, 2, 16),
(96, 6, 1, 5, 3, 22),
(97, 6, 1, 0, 0, 4),
(98, 21, 1, 0, 0, 2),
(99, 27, 1, 2, 0, 10),
(100, 27, 1, 1, 1, 8);

-- 9) recompenser (20 lignes) : (#ID_joueur, #ID_championnat, distinction)
-- Distinctions : "Meilleur Buteur", "Meilleur Passeur", "Joueur de la Saison", "Révélation de l’Année"
INSERT INTO recompenser (ID_joueur, ID_championnat, distinction) VALUES
(1, 1, 'Meilleur Buteur'),
(5, 2, 'Meilleur Buteur'),
(3, 4, 'Joueur de la Saison'),
(28, 4, 'Révélation de l’Année'),
(6, 2, 'Meilleur Passeur'),
(32, 2, 'Meilleur Passeur'),
(16, 1, 'Meilleur Passeur'),
(33, 4, 'Meilleur Buteur'),
(26, 2, 'Joueur de la Saison'),
(9, 5, 'Meilleur Buteur'),

(11, 1, 'Meilleur Buteur'),
(34, 2, 'Révélation de l’Année'),
(38, 5, 'Joueur de la Saison'),
(44, 2, 'Meilleur Passeur'),
(72, 1, 'Révélation de l’Année'),
(28, 1, 'Meilleur Passeur'),
(45, 4, 'Meilleur Passeur'),
(68, 5, 'Meilleur Buteur'),
(59, 4, 'Révélation de l’Année'),
(87, 4, 'Meilleur Passeur');

-- FIN DU SCRIPT
